mmfc0_mean,mmfc0_std,mmfc0_max,mmfc0_min,mmfc0_kurtosis,mmfc0_peak_to_peak,mmfc0_zero,mmfc0_rms,mmfc0_crest,mmfc1_mean,mmfc1_std,mmfc1_max,mmfc1_min,mmfc1_kurtosis,mmfc1_peak_to_peak,mmfc1_zero,mmfc1_rms,mmfc1_crest,mmfc2_mean,mmfc2_std,mmfc2_max,mmfc2_min,mmfc2_kurtosis,mmfc2_peak_to_peak,mmfc2_zero,mmfc2_rms,mmfc2_crest,mmfc3_mean,mmfc3_std,mmfc3_max,mmfc3_min,mmfc3_kurtosis,mmfc3_peak_to_peak,mmfc3_zero,mmfc3_rms,mmfc3_crest,mmfc4_mean,mmfc4_std,mmfc4_max,mmfc4_min,mmfc4_kurtosis,mmfc4_peak_to_peak,mmfc4_zero,mmfc4_rms,mmfc4_crest,mmfc5_mean,mmfc5_std,mmfc5_max,mmfc5_min,mmfc5_kurtosis,mmfc5_peak_to_peak,mmfc5_zero,mmfc5_rms,mmfc5_crest,mmfc6_mean,mmfc6_std,mmfc6_max,mmfc6_min,mmfc6_kurtosis,mmfc6_peak_to_peak,mmfc6_zero,mmfc6_rms,mmfc6_crest,mmfc7_mean,mmfc7_std,mmfc7_max,mmfc7_min,mmfc7_kurtosis,mmfc7_peak_to_peak,mmfc7_zero,mmfc7_rms,mmfc7_crest,mmfc8_mean,mmfc8_std,mmfc8_max,mmfc8_min,mmfc8_kurtosis,mmfc8_peak_to_peak,mmfc8_zero,mmfc8_rms,mmfc8_crest,mmfc9_mean,mmfc9_std,mmfc9_max,mmfc9_min,mmfc9_kurtosis,mmfc9_peak_to_peak,mmfc9_zero,mmfc9_rms,mmfc9_crest,mmfc10_mean,mmfc10_std,mmfc10_max,mmfc10_min,mmfc10_kurtosis,mmfc10_peak_to_peak,mmfc10_zero,mmfc10_rms,mmfc10_crest,mmfc11_mean,mmfc11_std,mmfc11_max,mmfc11_min,mmfc11_kurtosis,mmfc11_peak_to_peak,mmfc11_zero,mmfc11_rms,mmfc11_crest,mmfc12_mean,mmfc12_std,mmfc12_max,mmfc12_min,mmfc12_kurtosis,mmfc12_peak_to_peak,mmfc12_zero,mmfc12_rms,mmfc12_crest,mmfc13_mean,mmfc13_std,mmfc13_max,mmfc13_min,mmfc13_kurtosis,mmfc13_peak_to_peak,mmfc13_zero,mmfc13_rms,mmfc13_crest,mmfc14_mean,mmfc14_std,mmfc14_max,mmfc14_min,mmfc14_kurtosis,mmfc14_peak_to_peak,mmfc14_zero,mmfc14_rms,mmfc14_crest,mmfc15_mean,mmfc15_std,mmfc15_max,mmfc15_min,mmfc15_kurtosis,mmfc15_peak_to_peak,mmfc15_zero,mmfc15_rms,mmfc15_crest,mmfc16_mean,mmfc16_std,mmfc16_max,mmfc16_min,mmfc16_kurtosis,mmfc16_peak_to_peak,mmfc16_zero,mmfc16_rms,mmfc16_crest,mmfc17_mean,mmfc17_std,mmfc17_max,mmfc17_min,mmfc17_kurtosis,mmfc17_peak_to_peak,mmfc17_zero,mmfc17_rms,mmfc17_crest,mmfc18_mean,mmfc18_std,mmfc18_max,mmfc18_min,mmfc18_kurtosis,mmfc18_peak_to_peak,mmfc18_zero,mmfc18_rms,mmfc18_crest,mmfc19_mean,mmfc19_std,mmfc19_max,mmfc19_min,mmfc19_kurtosis,mmfc19_peak_to_peak,mmfc19_zero,mmfc19_rms,mmfc19_crest,mean,std,max,min,kurtosis,peak_to_peak,zero,rms,crest,label
-732.5903423158471,72.3394545774368,-610.907108649541,-863.7092736809643,-1.0787767917310682,252.80216503142333,0.014285714285714285,736.1532492239717,1.173273736944662,125.74344918271935,81.06094809116223,259.81706914604786,5.981461349639017,-1.4285950243059449,253.83560779640885,0.014285714285714285,149.6071265608869,1.7366623844640707,32.7794144093739,68.4150262734029,131.92879123916973,-118.84936405704069,-0.426322453011585,250.7781552962104,0.08571428571428572,75.86241380955313,1.7390534338963561,5.897003974048004,33.71496549528866,56.583823587464586,-72.52517202194672,-0.4357719728637175,129.1089956094113,0.12857142857142856,34.226795850889154,2.118958851360392,5.609140494161779,27.5522085037747,44.989862336769235,-59.461224964921726,-0.8575614057420085,104.45108730169096,0.1,28.117372752779026,2.1147503889404025,18.355980908437026,39.11892698016396,91.94346312041698,-72.31776184331444,-0.5060013303327495,164.26122496373142,0.02857142857142857,43.21148554713555,2.1277552011055962,8.688107780941154,29.063450319796306,64.13457614589021,-57.46196906109758,-0.4426588518836927,121.59654520698778,0.05714285714285714,30.334260520153084,2.1142620603288256,-15.615718722939219,19.795642063581393,22.744549981235124,-64.22445307754323,0.13180836198937085,86.96900305877836,0.08571428571428572,25.21345109149851,2.5472297641634025,-7.715781280240018,14.1710556265559,26.757240873387097,-35.22469674405724,-0.6589945553346381,61.98193761744434,0.04285714285714286,16.135429908603115,2.183065275829811,1.036736527371114,13.485543803347431,21.92453951411334,-25.891475186320648,-1.0976273309905464,47.81601470043399,0.08571428571428572,13.525336014280306,1.9142944144961676,-6.8067549851264895,17.32575635223532,19.601338515398226,-36.307532822723566,-1.1353620538410982,55.90887133812179,0.05714285714285714,18.61487970964537,1.9504575580958863,-0.17537506457536076,11.072866142739755,24.052275295588466,-24.385951001174924,-0.8397159323003587,48.43822629676339,0.14285714285714285,11.074254874631846,2.202039891373334,2.164555771969208,19.470476916257237,43.430816357771384,-29.96584075476722,-0.7068446510415018,73.3966571125386,0.1,19.590425545058253,2.216940936677455,-7.7024700217519335,8.657768421734245,7.599916669164045,-30.554230973711068,-0.10967940299908285,38.15414764287512,0.15714285714285714,11.588140423742107,2.636681111588077,-7.509522834243859,8.336821119598552,21.290077009975512,-23.73226089912213,2.1467685400217027,45.022337909097644,0.11428571428571428,11.22031726727076,2.115114959213162,-5.107104106741132,6.511271269828069,7.141276590427582,-17.595318023201322,-0.8264165687303433,24.736594613628903,0.21428571428571427,8.275213949281348,2.1262674452941934,-2.001866829062303,6.309146426999532,11.839387332807398,-17.62306349484316,-0.13840195153687684,29.462450827650557,0.24285714285714285,6.619123766679463,2.662446589011873,3.508046139860326,7.288994198000029,19.44805528676747,-8.723441364517186,-0.5766069392321267,28.171496651284656,0.22857142857142856,8.089241258478264,2.404187817539022,2.211961822663153,5.663410814924118,14.44725175451336,-8.274743932830887,-0.5284027133744527,22.721995687344247,0.24285714285714285,6.080049108643676,2.3761735302391696,-0.3886069079982217,6.457352909561404,11.183622317752276,-17.560834272558758,-0.17208144162552141,28.74445659031103,0.21428571428571427,6.4690356257764625,2.714598479344589,6.191089997791906e-05,0.005319993088412219,0.0336874829679597,-0.031573442120629056,8.707899602177045,0.06526092508858876,0.043846240942028984,0.005320353317242179,6.3318131257909975,COMPUTER
-763.3028613288033,69.38655810137499,-668.0182206635573,-888.5313163259895,-1.323918979535415,220.5130956624322,0.014084507042253521,766.4500978915024,1.159281365832337,125.71564585225258,77.50743261103452,235.12085148512762,-5.024817704584686,-1.294028705458297,240.1456691897123,0.04225352112676056,147.68827212071733,1.5920075989036198,45.383773386437234,49.60297379267516,126.91619218155816,-93.01467271654406,0.26543774239076345,219.93086489810221,0.07042253521126761,67.23200053447992,1.8877348758418873,38.1393992960383,31.730451169869532,100.53083715730001,-42.11288651617529,-0.5699451909350173,142.6437236734753,0.08450704225352113,49.6128542829993,2.0263062589355725,53.14483589390436,24.8835327999062,107.93474280761407,4.1494789249209445,-0.7777656946939331,103.78526388269313,0.014084507042253521,58.681886360222194,1.8393195839862804,28.55058456074185,15.868135793375856,51.9343878135666,-4.548745162983048,-0.8342072497514921,56.48313297654965,0.04225352112676056,32.663949735405346,1.5899604375546017,-13.5792097407513,22.883042584491633,32.734154183798914,-59.391544738870344,-0.7016883701723722,92.12569892266926,0.07042253521126761,26.60880634502368,2.2320258928103933,-24.831683088385635,25.558361611575826,22.441992732113974,-66.36138184280989,-1.115944228956106,88.80337457492386,0.09859154929577464,35.63484717618542,1.8622608794898623,-2.790658471600269,18.628311203905216,41.67530668654638,-34.03932620800708,-0.48495823554545536,75.71463289455346,0.11267605633802817,18.83618201798483,2.212513483186492,8.567221138619114,13.647480599919954,32.06469136089711,-21.396527400909033,-0.784744728113719,53.46121876180614,0.1267605633802817,16.113689979740634,1.9899037030755398,-5.562402190450169,11.684605201786054,16.150780779943876,-24.03085220780731,-1.2315474804619295,40.181632987751186,0.15492957746478872,12.94103229460195,1.8569501768287233,-15.143700241387622,15.715341844364922,19.20132019346427,-40.619311129669526,-0.6944445025102288,59.820631323133796,0.08450704225352113,21.824381464001466,1.8611895689538611,-8.552965617594145,12.92696094653274,12.202605810267265,-32.50305577011353,-1.082554343923974,44.70566158038079,0.09859154929577464,15.500307744329799,2.0969297065733126,-1.62753988259347,8.075566733921239,9.550828585963139,-23.758524230244536,0.5177857812717312,33.30935281620768,0.16901408450704225,8.237940528035372,2.8840368717629716,-3.1675321062849426,5.8977607325942225,7.9357279723328205,-19.712965985685223,0.06988851445753497,27.648693958018043,0.15492957746478872,6.694538169528668,2.944634190811272,-6.94607035601687,7.818997516899622,8.942240140015514,-19.788413974153038,-1.177360529021474,28.73065411416855,0.08450704225352113,10.458710033269819,1.8920511144495678,-5.717151912108879,7.874753810570799,14.561171654403799,-21.7473796497516,-0.4648796044290173,36.3085513041554,0.09859154929577464,9.731267829179789,2.234794071183693,-2.3372614466029864,5.054952611267276,8.748522261379817,-10.972606777822183,-0.930730880206847,19.721129039201998,0.18309859154929578,5.569141493258591,1.9702510326060938,-0.9036259319993212,7.146145773099458,18.113161141229238,-13.505549391148374,-0.0026494335615603326,31.618710532377612,0.18309859154929578,7.2030506894904525,2.514651350108793,0.6677144597798262,4.286075886053253,8.556827015016058,-10.942504691378105,-0.26895254365843524,19.499331706394162,0.18309859154929578,4.337774671511447,2.5226079084382955,1.3005511079985104e-05,0.0052821980813830965,0.02393009255535494,-0.023024374766560537,3.7262550099060316,0.04695446732191548,0.034458705357142856,0.005282214092053228,4.530314776782016,ENGINEERING
-685.1922377034236,88.41771717769831,-532.1995454272133,-842.4988988386083,-0.7441237126561182,310.29935341139503,0.021739130434782608,690.8734293052097,1.2194692444401627,84.5298899273376,140.05037035040428,288.63215840363,-135.14443445295575,-1.1494179773775879,423.77659285658575,0.06521739130434782,163.5830325138069,1.7644382425742633,31.093348815265625,43.00809316025687,102.64145224654368,-64.38173333750163,-0.6972577217050153,167.0231855840453,0.06521739130434782,53.07063611668052,1.9340535512119603,39.22235268376065,62.45269793800884,123.226306749279,-61.379745242051634,-1.3866197739731008,184.60605199133065,0.043478260869565216,73.74776220188296,1.6709158769041637,-13.15139067165874,42.49611201788261,56.02141090042323,-78.80399051578257,-1.186995238508377,134.8254014162058,0.08695652173913043,44.484588491240636,1.7714897043792974,13.010425622401657,14.970937853931016,41.90693676733051,-18.689113335992076,-0.6754388083866956,60.59605010332258,0.08695652173913043,19.834317611208863,2.112849939624233,12.320879416075874,9.75146599869931,31.729645001081817,-7.509878462868345,-0.6040486063242088,39.239523463950164,0.08695652173913043,15.712897845695778,2.0193375730354854,-5.485121942444999,21.718632422062925,37.29125816463751,-37.22968128406047,-1.2278698743072716,74.52093944869799,0.10869565217391304,22.40057046166848,1.6647459147725614,-13.253400059757098,21.21538138258989,24.360018278099222,-64.65917361268987,-0.3078508082677045,89.01919189078909,0.10869565217391304,25.014895969256226,2.5848268044831046,1.0086725695073668,15.404634589780976,23.456951417890316,-27.905594315170006,-0.9171433646310363,51.36254573306032,0.15217391304347827,15.437622459341112,1.8076354949517943,3.4419767113008657,11.30229490152487,25.421070294441503,-16.735452710935984,-1.1930251028423406,42.15652300537749,0.10869565217391304,11.814782000619928,2.1516326152363745,4.304459141985675,11.421839492627308,44.177508352666905,-10.192465381525187,2.1964815489777045,54.369973734192094,0.1956521739130435,12.206014333121393,3.619322994959123,4.605796188541955,12.488767750455672,25.8102212415927,-14.696802182325273,-1.4222708583071193,40.50702342391797,0.06521739130434782,13.310998401893421,1.9390146751066644,2.027815544103777,11.250716901594465,25.74611636156999,-28.562019633319792,0.49221763692432585,54.30813599488978,0.15217391304347827,11.432001866721867,2.498426781792502,-4.692678081486355,9.965809958933821,11.574434673875217,-26.14256983243009,-0.48696969634897247,37.71700450630531,0.15217391304347827,11.01537996230938,2.3732789900920754,-4.852884525871763,6.154649373082112,5.665008560751872,-20.246927290966696,0.1040713359535812,25.911935851718567,0.2608695652173913,7.837741838503336,2.583260294630088,1.4278511466724155,8.495043707184074,16.163761853199233,-17.604743644614732,-0.24495979014464453,33.76850549781396,0.13043478260869565,8.614204924659122,2.0436875833101196,3.4689787770721994,5.357649384374551,17.763079098776917,-7.309199205372622,0.03943080800230092,25.07227830414954,0.21739130434782608,6.382649973299988,2.7830257296081937,1.5178044994888535,5.39982014055934,12.636120810158921,-10.955123460316784,0.08738596943339028,23.591244270475705,0.15217391304347827,5.609080855992263,2.252797050814407,-7.946271157139333,8.167414418089928,6.138306172914483,-27.165733561042153,0.015648214669733207,33.304039733956635,0.10869565217391304,11.39516930894876,2.38396927895653,4.584500810890227e-05,0.006587918944022405,0.03733604645708788,-0.0420581162176318,8.796909089613848,0.07939416267471969,0.1056857638888889,0.0065880784586841235,6.383973184501558,ERSIN
-762.970466496023,77.61121101852918,-679.8900301668291,-910.9988255023075,-1.0604430873305895,231.10879533547836,0.02631578947368421,766.9077081506755,1.1878858639967174,185.75655256023418,88.1644407996633,276.0630186674184,7.270942883380102,-0.8414632751105731,268.79207578403833,0.02631578947368421,205.6172790418655,1.3426061270425116,115.92046653248008,44.341228250269836,159.38707882123683,7.207688212327879,0.28007605848649453,152.17939060890896,0.02631578947368421,124.11163959859027,1.284223456693801,43.0773396703547,22.24206812006023,84.71545697353355,7.102953501149964,-1.1064994047344605,77.61250347238358,0.02631578947368421,48.48058154903377,1.7474100818665188,-8.525881454380174,39.69756289133085,62.031134370183864,-66.0989723611716,-1.347395550714007,128.13010673135545,0.13157894736842105,40.602797367734546,1.6279413401623868,-22.599730645718708,37.771965905014866,40.38134607633609,-79.92580481078375,-1.3868116635658219,120.30715088711983,0.07894736842105263,44.016692669811555,1.8158066852124064,-9.453247653330658,20.17960677255804,24.999659649890184,-35.89485474937541,-1.4304226869168355,60.894514399265596,0.07894736842105263,22.284084470542467,1.6107843603278897,4.646515849441717,7.206295204760381,17.797227573906532,-8.973122475516352,-0.6809365813535608,26.770350049422884,0.18421052631578946,8.574427101402492,2.0756171069429814,10.514906281286423,9.296381745191686,28.367372720426502,-8.235082389131893,-0.8002466177181562,36.60245510955839,0.18421052631578946,14.035168957179318,2.0211636074331634,6.824470193921019,8.956440308895612,22.569950601949575,-14.456311917427929,-0.19461572297551255,37.026262519377504,0.13157894736842105,11.260160586533681,2.0044075240757726,-4.701296480042683,9.472016775813728,11.4390954156191,-24.921319010933523,-1.0330577228969695,36.36041442655262,0.13157894736842105,10.574558638286442,2.356724272226638,-10.861642606950104,10.423605651385788,9.564700083418767,-26.38910186066047,-1.01020053338689,35.95380194407924,0.07894736842105263,15.054130160747103,1.7529476348934954,-8.5017266975561,9.962942047884251,10.157983845274757,-27.559490834476392,-0.6498836259951037,37.71747467975115,0.13157894736842105,13.097311597783655,2.10420975546921,-6.5354770588193425,7.454698420310921,8.252906805835456,-22.093385463428373,-0.21628202164377086,30.346292269263827,0.10526315789473684,9.91387860144253,2.2285309667009288,-4.64000099680209,5.890193671726425,5.914764190215806,-17.196336534914995,-0.6104971021426913,23.1111007251308,0.10526315789473684,7.498265848899359,2.2933751458597826,-1.5387652622918602,4.678421040615666,7.418119310655424,-8.443505384777986,-1.3043511149876665,15.86162469543341,0.10526315789473684,4.924979387338743,1.714424512412124,-1.7286963354420757,4.287602664102257,5.257032910654735,-8.813627402392079,-1.1660704301757796,14.070660313046815,0.10526315789473684,4.622978220302107,1.9064825708428532,-3.0148457448797203,5.108656323925932,6.392662645542636,-13.185312692468464,-0.6774268680350297,19.5779753380111,0.21052631578947367,5.93191910779368,2.222773516102888,-1.9701063928640095,3.2670767333223827,7.051987821617406,-7.161628115256296,0.12700305632972997,14.213615936873701,0.15789473684210525,3.8151159327889483,1.8771718190018307,-1.570351879764856,2.663404774043429,4.800008302231541,-6.195004114278003,-0.34297685142739276,10.995012416509544,0.15789473684210525,3.091881307016546,2.0036358123513347,6.695870907207261e-05,0.007265168868886777,0.030296652761416028,-0.03817483290340312,3.8567450295706376,0.06847148566481914,0.013883023648648648,0.007265477421488706,5.254277274401198,NAMAL
-592.6106810325074,178.2181512255905,-335.1313607667469,-903.8251557861246,-1.2994616147584415,568.6937950193776,0.01818181818181818,618.8288363514419,1.4605414335812064,170.4210706505883,64.6896036998859,256.43737503896006,1.3069380509426423,0.6922109290295939,255.1304369880174,0.01818181818181818,182.285726672554,1.4067880119852014,12.709855140177929,45.67239147019865,105.00466708131702,-42.19920267112053,-0.7960534915711568,147.20386975243756,0.12727272727272726,47.407887110599866,2.214919784050852,-5.093032569576395,19.75307159047378,44.044177186624594,-43.56004560444324,-0.24238264671516463,87.60422279106783,0.2,20.3990886564363,2.159124749562173,-15.37078608533388,14.702078022724061,32.622980890073954,-40.855593170314435,1.1246996978763963,73.47857406038838,0.09090909090909091,21.269982676705673,1.9208098939854055,4.8459029730203325,12.198308374098483,23.893362522117776,-21.424584606212772,-0.6289834315966067,45.317947128330545,0.12727272727272726,13.125604855149668,1.8203627783860576,-1.4378361209615365,8.687878690994872,16.4176715105421,-22.474288056455418,-0.3890488075882712,38.891959566997514,0.16363636363636364,8.806055238310993,2.552140254433153,2.1718178373977732,9.628284417937769,19.593208302246946,-24.80969610462935,-0.10937874998780162,44.402904406876296,0.16363636363636364,9.870190147689273,2.513598596723852,7.636424650896843,6.461105367973005,24.932213594401418,-3.7073943531045237,-0.07660520784152824,28.63960794750594,0.16363636363636364,10.0030427383309,2.4924629681789794,0.02712296629106041,11.806072554924674,17.76500684531559,-24.337847034955974,-0.8839658177838197,42.10285388027157,0.10909090909090909,11.806103710684827,2.0614630898871065,-12.628736080731214,11.875323076523062,9.9331111349429,-39.96201792064964,-0.6532352829018833,49.89512905559254,0.10909090909090909,17.335174448749097,2.3052561737290906,-5.397060088101057,9.547343083525245,11.649440841053448,-24.28371775177927,-0.8693815695165372,35.93315859283272,0.18181818181818182,10.967224696754904,2.214208099425973,-0.41097000522717414,5.700510077749678,13.764280309627704,-11.308549337599803,-0.6137467342961629,25.072829647227508,0.21818181818181817,5.715305021757113,2.408319461031323,-0.9325062165265859,5.752166211017625,9.561502457057781,-15.666953898242316,-0.4681863922070866,25.228456355300096,0.21818181818181817,5.827262132685776,2.688561719296029,-0.2716910711862612,6.447777931895963,10.57452662820816,-15.552058378789106,-0.6589433362892976,26.126585006997267,0.2545454545454545,6.453499538793425,2.4098643356681464,-0.21462380122418825,7.413546742215984,11.324503025702107,-20.60713100069044,-0.02915320080114947,31.931634026392548,0.21818181818181817,7.416652794561246,2.7784947700129616,4.456119882146578,8.750974309394353,22.50248039762439,-10.490269698366967,-0.956060374951841,32.992750095991354,0.18181818181818182,9.820211594855886,2.2914455742900537,-3.456436926519139,5.3017064309627315,6.712408768267414,-17.334625616401087,-0.30044706382896313,24.0470343846685,0.32727272727272727,6.328905695862175,2.738960959354226,3.858087703401783,6.839760964042704,18.170737883979626,-9.461600044091867,-0.4231608455075011,27.632337928071493,0.32727272727272727,7.852844756671459,2.3139051448257018,6.502041157475417,7.900279071677878,23.335728973016693,-9.039853568457081,-0.5509815858417548,32.375582541473776,0.18181818181818182,10.231859490038737,2.280692868753258,-0.00012545242186725927,0.006012756703154479,0.022974669248979517,-0.022076770737635393,2.3947282321317394,0.04505143998661491,0.03432436342592592,0.006014065304058601,3.8201562649269913,COUGH
-616.9203169308856,217.11395606691246,-218.98700461914453,-872.3208843835494,-1.3343275261678347,653.3338797644049,0.038461538461538464,654.0100514220935,1.3338034828161374,97.80576853306214,53.92896084310691,179.11755378118352,7.767360521309195,-1.1252811370565319,171.35019325987432,0.038461538461538464,111.68841110858496,1.603725507448065,-30.799142905547566,25.672376692353154,24.045660304989436,-70.53509036133904,-0.6722228004699233,94.58075066632848,0.07692307692307693,40.09561233789076,1.7591722946374027,-42.909981821115245,25.358071841964595,14.048754070346238,-76.35315241805532,-0.01905370526294936,90.40190648840155,0.07692307692307693,49.84273615513777,1.5318812390315546,-30.37467389741203,19.948450469211174,13.261396729576074,-60.73633318869187,-0.3592036223134114,73.99772991826795,0.07692307692307693,36.33953068624711,1.6713571155633518,15.696179136746569,12.69319319533603,43.86872644809633,-6.920073911210535,-0.4755566662915842,50.78880035930687,0.07692307692307693,20.186312020449975,2.1731917352538006,13.383286316754505,20.07485121978259,45.335491965276944,-20.61687631968502,-1.0220421201177365,65.95236828496196,0.11538461538461539,24.12699741228972,1.8790358033604346,16.84228226765371,7.955075340631294,34.72924482859702,6.025807287454176,-0.40263052391756426,28.70343754114284,0.038461538461538464,18.626478348266552,1.8645094461363412,-1.4156175246961393,11.146855401477833,15.111673436907836,-21.44385807117957,-1.1335809030196677,36.555531508087405,0.19230769230769232,11.236385464983051,1.9084302632734498,-0.8134504354198376,8.320917019760252,17.19204929695581,-14.702969460190644,-0.9350816876837595,31.895018757146453,0.15384615384615385,8.360583810991942,2.0563216260511425,12.567157137740995,15.637036383123048,41.84115060768653,-17.917989204559706,-0.6815423230464193,59.75913981224623,0.15384615384615385,20.061165105042836,2.085678991653819,0.03117923552668272,7.3710420430523635,15.07847533748502,-12.245039712505875,-0.9877353089431091,27.323515049990895,0.23076923076923078,7.3711079862645885,2.0456185644793745,-2.3269675621804136,7.755050382270496,14.266844311388294,-22.353793054566307,0.8265507632440592,36.6206373659546,0.38461538461538464,8.09664031972482,2.7608726795123393,6.043425629682544,5.346931603615759,15.351140824443865,-6.894772249811705,0.45984003780244675,22.24591307425557,0.11538461538461539,8.069242276400482,1.9024265598444372,6.816362070752794,7.324288886380028,23.06008319830365,-6.6248553023189665,-0.2804285021541726,29.684938500622618,0.19230769230769232,10.005398521335737,2.3047640880200637,8.961244688365273,5.419152578977492,16.920132641323136,-1.0025150538784064,-1.2262950477806944,17.92264769520154,0.11538461538461539,10.472398055793773,1.615688455612342,0.5947984677212288,4.314754578593229,10.563300964812342,-6.495110220061394,-0.1983272607028308,17.058411184873737,0.23076923076923078,4.355558780534911,2.425245874770413,-0.4540457029410171,4.418474977594343,9.567374460632038,-8.443427183950206,-0.16113019749440305,18.010801644582244,0.46153846153846156,4.441742746714012,2.153968612367286,4.64035759644052,3.902054043609738,15.59694028084766,-3.357736025329273,0.9176501792469063,18.954676306176932,0.15384615384615385,6.062915501810523,2.572514869486481,9.716286192835968,4.883445990284655,22.874915159883695,-1.5076732980135432,0.7322484886193781,24.38258845789724,0.07692307692307693,10.874477556237915,2.1035415303020217,-0.00037633908904569546,0.008830819264941179,0.06260620556089311,-0.05798251739816186,17.279056208034024,0.12058872295905497,0.053671875,0.008838834764831846,7.083083599434632,CLAP
-516.1632003849217,240.25032081628808,-181.59743788089003,-878.0842924316657,-1.362557836326053,696.4868545507757,0.08333333333333333,569.3370408500874,1.5422925779088292,95.48323434123354,17.9230599177797,124.64932237156746,62.89490102232463,-0.7146870759764821,61.75442134924283,0.08333333333333333,97.15083178789178,1.283049461107166,-10.495616556531248,34.4283101125562,44.3635135570363,-66.00037554514356,-0.7306428487008603,110.36388910217985,0.16666666666666666,35.99258957213376,1.833721227889712,5.555539651543242,24.46522643328286,33.033577378133344,-41.58741304838236,-0.601323484847649,74.6209904265157,0.16666666666666666,25.08807137369614,1.657656837344027,-23.931055236446937,15.000990896524351,11.498524286670879,-36.64376890690374,0.24548827612939483,48.142293193574616,0.16666666666666666,28.244028264528428,1.2973988187416068,22.864333604422484,8.968385815341675,36.8596905151254,9.181001437633217,-1.2924413863513515,27.678689077492184,0.08333333333333333,24.56032767100523,1.5007817081626407,1.4590527371759066,7.661051954228624,13.76564156686798,-7.8859044356440595,-1.3846066529372054,21.651546002512042,0.5,7.798753229539368,1.7651079809433907,-16.23481412703074,14.639377933418007,3.20175435478262,-41.16401442221857,-0.9248158378953559,44.36576877700119,0.25,21.860479775537478,1.8830334395625807,14.216466203546444,11.2037401312923,33.28189075286995,0.030862037744764148,-1.0593069043413172,33.25102871512519,0.08333333333333333,18.100599554879608,1.8387175878877298,25.083838416457812,9.45945967406647,46.99665501028407,12.605151397941281,0.029299807508559095,34.39150361234279,0.08333333333333333,26.808213797794405,1.7530692408216557,12.91768279115748,7.6143186924616115,30.263707715837178,4.35465608898708,-0.08029373717461485,25.909051626850097,0.08333333333333333,14.994811697495116,2.0182786103871337,14.69889962990443,7.5423101895044296,30.443562662990452,4.53790605896703,-0.44571784102192513,25.90565660402342,0.08333333333333333,16.521019742277016,1.8427169229200713,-1.9111930197062026,6.051687436599627,7.096825921259179,-12.678538371137945,-0.9706049192475947,19.775364292397125,0.4166666666666667,6.346304404050555,1.9977828928353667,9.523396942984506,4.719380079984563,16.926767923646615,1.226644120645969,-0.7673429440619257,15.700123803000647,0.08333333333333333,10.628623507914925,1.5925644474133067,10.759569048411985,5.788499621015199,18.97182117918931,2.3772483217024867,-1.5563340036547584,16.594572857486824,0.08333333333333333,12.21781707057518,1.552799577011196,-6.824620540273707,9.586606196224828,10.122952659238262,-22.42231899085641,-0.668218188842983,32.545271650094676,0.25,11.767687278315227,1.9054142467037585,2.9714131127987886,4.907692307229953,10.784412935462651,-2.7614424942748506,-1.5216314889090625,13.545855429737502,0.5,5.737136887800102,1.879755206537859,4.367701777923208,4.2077575701567325,10.882820891847455,-5.5856578184933925,0.4636027320216467,16.468478710340847,0.25,6.064820078954101,1.794417765106106,-1.070555868577755,4.793404400312022,5.9641872572309556,-9.645828014199667,-0.994758247827773,15.610015271430623,0.25,4.911498306288717,1.9639277899880534,11.681600928603011,6.191205824791846,23.150864119320048,4.073128133675288,-1.1576944746210869,19.077735985644757,0.08333333333333333,13.220848301832797,1.7510876451181017,-0.0002334893610605958,0.013322998945436034,0.22140163548535557,-0.23148200796192392,81.99794235690852,0.4528836434472795,0.06551846590909091,0.013325044772225653,17.37194973216289,SNAP
-740.7776686354821,65.33096073538454,-636.168570371388,-879.3240845007147,-1.0702593717306264,243.15551412932666,0.015151515151515152,743.6529357029584,1.1824387994508612,133.93820983663113,78.57378925052846,255.3144394021176,0.20786612319509365,-1.4355198988134072,255.10657327892253,0.015151515151515152,155.28452727631267,1.6441717914870688,42.636508796851565,66.59426842434175,143.2894381604082,-98.48839443677656,-0.6027457471263702,241.77783259718476,0.09090909090909091,79.07381658524697,1.8120971561544952,10.213719641147952,37.17818016093423,75.56958659949544,-66.29402943741513,-0.759560608058059,141.86361603691057,0.13636363636363635,38.55563705850099,1.9600139529488951,14.410439603939945,33.832776490561045,61.414423070189564,-70.74318675441694,-0.3830515227676008,132.1576098246065,0.07575757575757576,36.77387027005807,1.9237351476713422,20.393454975795933,40.73980425318163,75.4303786316961,-72.93432913153555,-0.5789085390405231,148.36470776323165,0.045454545454545456,45.559023874940216,1.6556627472694088,1.0192467028845116,22.520420453505945,44.47285707292272,-44.36067576095675,-0.9168533604968592,88.83353283387947,0.09090909090909091,22.543473584255597,1.9727597393856218,-12.790665456564446,22.8015538907287,24.804917551191274,-66.48201435618589,-0.10169729283635975,91.28693190737715,0.12121212121212122,26.144062091678794,2.5429106664088734,1.1106299374047066,15.825579747735318,30.93746949294016,-28.649777871981563,-0.8470434014445165,59.58724736492172,0.10606060606060606,15.864503560142996,1.950106372736778,3.0297969017486452,15.58602988016187,31.29142836461874,-26.13328210416209,-1.0352926415856551,57.42471046878083,0.09090909090909091,15.877783116390786,1.9707680937092724,-7.980974669158062,17.65436544214191,20.66751318699852,-40.0965553926542,-1.1804401864976568,60.76406857965272,0.12121212121212122,19.37453420948326,2.069549386793935,-3.6550839967926287,10.867342923119883,22.591078447407096,-18.01945383312946,-0.5043379368311318,40.61053228053656,0.12121212121212122,11.465547576644274,1.970344486069372,0.15624144021451186,21.434903964326235,44.471716386013256,-32.55990230704881,-0.6118824864986019,77.03161869306206,0.07575757575757576,21.435473387530514,2.074678528531282,-6.378675137181288,11.668204417070587,17.765779881606527,-29.965424591626075,-0.5243120848914415,47.7312044732326,0.09090909090909091,13.297913025141963,2.2533930350553018,-7.166375546664945,9.877710987319839,13.31723247612695,-24.729729743324203,-0.9644281084708646,38.04696221945115,0.12121212121212122,12.20352870381581,2.0264409043911775,-5.067309380678743,10.392664319965325,10.558180187960488,-29.492090983620102,-0.24063966480173615,40.05027117158059,0.16666666666666666,11.56222712227169,2.55072752608458,0.08330006517292421,7.3940005399379025,16.19197407576907,-19.327341530280087,0.5708778089416628,35.51931560604916,0.24242424242424243,7.394469750121357,2.6137562507389918,6.943755821445853,9.527108893137354,28.825906329276307,-5.191476996087218,-0.5254865169730127,34.017383325363525,0.18181818181818182,11.789043590111966,2.445143756483687,2.17897619181617,4.635656024848889,15.160550994431713,-4.766920500488632,0.759640166701713,19.927471494920344,0.21212121212121213,5.12223037603928,2.9597557863366695,-2.7419260668156515,4.86214417422728,7.411652286923962,-12.194557465954677,-0.8033632761693821,19.60620975287864,0.3181818181818182,5.581989298346552,2.1846257336191672,1.695382637382776e-05,0.005481586402753149,0.027872047391605682,-0.02904618889986314,5.678235364847165,0.05691823629146882,0.041015625,0.005481612620668933,5.29884012422581,COMPUTER
-749.2608576213747,66.90990794311807,-625.9095922312509,-886.3992706696587,-0.7198108116745363,260.48967843840774,0.015873015873015872,752.2424931792104,1.1783424609841702,146.04912844259877,63.762533910471,223.9557116787675,-3.9697084418057287,-0.4771085092752756,227.92542012057322,0.031746031746031744,159.36125203300415,1.40533353510793,60.523104188016326,41.03533592456094,132.6445630665492,-44.970210584678725,0.008846288964196702,177.61477365122795,0.031746031746031744,73.12280721495202,1.8139971387672094,49.58983721137785,32.12601156879463,104.99495056857056,-26.926286142589163,-0.659646463040342,131.92123671115974,0.047619047619047616,59.08665309500346,1.7769656101480764,62.70453617946792,22.587865552471992,93.65876358219865,7.4403710968477945,0.0945011854950577,86.21839248535085,0.015873015873015872,66.6488599129704,1.4052567996586527,33.8793605805159,16.679432008511554,58.86235489149874,-2.162699471614341,-0.4697379225731102,61.02505436311308,0.047619047619047616,37.762607503603014,1.5587470988565224,-18.05934299178536,29.03386277796914,28.92328289333012,-74.76607487513395,-0.7571862504082714,103.68935776846408,0.09523809523809523,34.19217830301089,2.1866426354167148,-31.138198248626253,29.931489051856367,22.62285832236872,-76.89460181641684,-1.2157994660678604,99.51746013878557,0.09523809523809523,43.191219327916045,1.780329497822653,-0.18004646783527403,19.357115873603465,45.07984800679571,-40.72990969359577,-0.12141889182869559,85.80975770039149,0.1746031746031746,19.357953189185352,2.3287507499491387,11.821403130655487,13.372788621618765,40.59351696539731,-9.831551678376762,-0.6521655669689013,50.425068643774075,0.15873015873015872,17.84872677520634,2.2743088331536203,-6.743975983570648,11.327773009290002,13.938407189874045,-34.827379133740735,0.03958020946511498,48.765786323614776,0.12698412698412698,13.183309653382825,2.6417781307900983,-14.038280237499906,12.5911353912108,16.193741753941758,-32.73353616257789,-0.21787475234471643,48.92727791651965,0.031746031746031744,18.857624518119493,1.7358250044233101,-7.722436154505042,11.874339603349679,17.92084652850334,-32.07225385416582,-0.3363554494223657,49.99310038266916,0.06349206349206349,14.164602400917763,2.26425373239476,-3.958980676162452,9.824630217024335,20.44456753658455,-26.564600768201977,0.4781881509533803,47.00916830478653,0.14285714285714285,10.592303191256157,2.5079154446910845,-3.5925781498641034,6.4218688975747655,9.294870304011406,-18.74762876471026,-0.7171357880485916,28.042499068721668,0.1746031746031746,7.358465730063511,2.547763277352173,-5.839201677778089,7.966205751122551,11.167149650033942,-20.045865871156405,-0.7543865874545084,31.213015521190346,0.1111111111111111,9.8770800494369,2.0295336041443983,-5.4475850956504255,9.228183621841534,20.492833358673387,-22.169003003281265,0.19518543748375894,42.661836361954656,0.12698412698412698,10.716135326356092,2.0687498177404597,-1.126900854356228,5.084686782102075,10.574439153829232,-14.588353982269116,0.03163296532755755,25.162793136098347,0.20634920634920634,5.208065399707683,2.8011080627151737,0.41314980895529535,6.1225429169816215,15.616573352284972,-10.21009949781577,-0.4525368193118995,25.826672850100742,0.14285714285714285,6.1364667794197025,2.544880289201494,-0.4984336115105938,4.658251542839117,9.277304653685732,-8.921956057276486,-0.8830517057886023,18.199260710962218,0.15873015873015872,4.6848418864937695,1.980281272764374,-0.00012015502016847794,0.005611379411531586,0.02331938518019753,-0.02365306832144848,1.5826915311990915,0.046972453501646014,0.02359501008064516,0.005612665688336716,4.214230747895827,ENGINEERING
-707.8840360316061,89.51672634157559,-553.8771127513504,-864.4286504957286,-0.8385928237342455,310.55153774437815,0.020833333333333332,713.5215853520541,1.211496145655098,88.94465564328577,133.3148507270461,292.45139189759755,-122.5329360758216,-1.15178804908857,414.9843279734191,0.0625,160.26228873904577,1.824829747525911,35.52884375640611,45.913038853055944,115.52731054850045,-36.54012673454464,-1.1177714810944153,152.06743728304508,0.08333333333333333,58.05433554343157,1.9899859238260034,41.52088520216477,68.97243875723967,131.99019522483275,-71.83906069470464,-1.5054945976378062,203.8292559195374,0.041666666666666664,80.5057837431108,1.6395119591159522,-18.486893006772352,42.697288756464225,57.78455931434369,-76.78726457442966,-1.0823059529034307,134.57182388877334,0.041666666666666664,46.527665750569675,1.6503571227079985,6.638782103544212,14.208002121307375,37.23004982529476,-17.386099726448705,-0.7648752592296137,54.61614955174347,0.22916666666666666,15.682498273470772,2.3739871783231634,15.395082125263459,15.896878589613213,48.46787890180981,-14.679624913061303,-0.7969904029578836,63.147503814871115,0.10416666666666667,22.129602403489073,2.190182996426908,-7.65831036844682,16.73433486147982,20.228123851914255,-38.471283170855116,-1.012815118361562,58.69940702276937,0.10416666666666667,18.403469264125143,2.0904364616648246,-12.21844585957568,11.706421672717338,11.320113106091457,-43.60048205020823,0.20302692588031945,54.92059515629968,0.08333333333333333,16.92130986664,2.576661168303858,2.5083914219240886,14.848431384746794,23.936730274009733,-25.815493839940714,-1.1550241507193333,49.75222411395045,0.125,15.0588160926786,1.714310984413434,-3.5730958930765264,15.019189844093399,24.259449654392135,-25.1189615514824,-1.1751333266403388,49.378411205874535,0.08333333333333333,15.438363832804258,1.6270481654350115,-2.9223659244801947,10.743807281200839,31.34111573341611,-19.858793335924393,1.5722509218576706,51.19990906934051,0.10416666666666667,11.134164427209935,2.8148601485374107,10.088863318125908,16.860533060197703,45.035917245901274,-10.542502990501912,-0.8548162575295719,55.57842023640319,0.10416666666666667,19.648479282780286,2.2920815701686523,6.556329956107741,10.543027164870091,22.79546761440683,-13.606911322075721,-1.1575469464560473,36.40237893648255,0.10416666666666667,12.415348738257189,1.8360714704826533,-6.11284486463267,10.369010371623453,17.77512688916409,-26.609642299189115,-0.47321100601536026,44.384769188353204,0.16666666666666666,12.03674575730088,2.210700702309763,-8.983313276519,6.653894156244372,4.172244434276212,-25.97886034292122,-0.06350562359028533,30.151104777197432,0.08333333333333333,11.179187129062003,2.323859511697877,2.739272716883925,9.446143101459452,18.574000511854333,-17.660189891685263,-0.8870457909839624,36.2341904035396,0.125,9.835305511813786,1.888502648905412,7.270418883633609,7.752158044646696,20.975545470744336,-5.42481939633956,-1.333602188154166,26.400364867083894,0.1875,10.62802639687523,1.97360682853699,1.5946543018714305,7.175507569851693,16.54803250985377,-15.150265436964707,-0.10284905536466837,31.698297946818478,0.14583333333333334,7.350566728319389,2.2512594091690206,-6.879800666558417,10.281415393516275,3.073204288306073,-30.40051397593847,-0.21071179500236425,33.47371826424454,0.25,12.370899712858845,2.4574214229817795,3.3776137346433004e-05,0.0064462943026498375,0.038724483850010864,-0.04566442857548096,12.741691043876214,0.08438891242549182,0.09919381648936171,0.006446382789117459,7.083728979385142,ERSIN
-738.8817806529017,63.70784316669154,-677.5258040196849,-883.6483807853253,-0.44805400842015963,206.12257676564047,0.029411764705882353,741.6232028879319,1.191505844671981,184.23664939627542,75.38010412144774,256.076328667254,4.957823873611233,-0.20083161006724248,251.11850479364278,0.029411764705882353,199.06105364467055,1.2864210450948246,120.63260174738083,41.27764630312356,156.6246786335392,4.927283888390419,1.0760906384120448,151.69739474514878,0.029411764705882353,127.4992889731859,1.228435702621672,48.90033131639278,19.35612837879254,80.97581843213588,4.876670084147852,-0.7137529066865538,76.09914834798803,0.029411764705882353,52.5918445071979,1.539702955675062,-2.042636553433841,28.781737333968817,53.94185458568741,-45.24972906556348,-1.0494467673518224,99.19158365125088,0.14705882352941177,28.854129133470632,1.8694674282550137,-19.87803655878514,27.35489466973406,31.76473695388469,-55.02682813420195,-1.0828383466718263,86.79156508808664,0.08823529411764706,33.814591522368616,1.6273101538961745,-12.233014157684241,15.131098396600914,20.58558321983744,-30.536290464690918,-0.7743287353193002,51.12187368452835,0.08823529411764706,19.457563415539,1.5693789511334364,2.9678156301331224,8.106590523625961,18.158430154074708,-12.718277793073742,-0.6997304216867999,30.87670794714845,0.20588235294117646,8.632771254481652,2.1034300132356534,11.109694606244679,11.972109596011904,28.027909943723117,-14.912666810934883,-0.742908222647364,42.940576754658,0.14705882352941177,16.33268876893644,1.7160622075300989,8.341917757687089,12.0180454923961,25.04974111126728,-18.037388127729344,-0.7999076102174705,43.087129238996624,0.14705882352941177,14.629456904933873,1.7122810008633407,0.07953867924210052,9.070554308611973,11.698599878580687,-17.1323994539485,-0.8029066646920731,28.83099933252919,0.058823529411764705,9.07090303481273,1.8887203829868966,-6.111353177437174,7.4443064956955824,11.56722282843334,-18.678905898814534,0.042286123991172264,30.246128727247875,0.058823529411764705,9.631528272357762,1.9393501602879069,-6.777204721198274,7.065514305011582,10.493144026544801,-15.505228598766006,0.4714919580685759,25.998372625310807,0.11764705882352941,9.790403271947254,1.583717051083444,-3.5774878082258117,5.980209932215084,10.866872876649076,-15.208084234742858,0.5224031384621632,26.07495711139193,0.11764705882352941,6.968595974180758,2.1823742244621593,-0.34396702462632084,5.601664365464088,11.061353021213547,-9.67757994463998,-0.8497615744283502,20.73893296585353,0.17647058823529413,5.612214979608361,1.970942499780264,0.39942132156368126,5.847751960920034,10.719006304149742,-9.981597659148633,-1.025173422703377,20.700603963298377,0.17647058823529413,5.8613770044729065,1.828752236201477,-1.0857118534981174,5.031607060343678,8.900172645037799,-10.157033685303368,-0.8348230969463999,19.057206330341167,0.23529411764705882,5.1474109840313576,1.9732315365556,-2.900548864022528,3.7859408551320595,7.347444409839895,-8.206627427341735,-0.034496982845974244,15.55407183718163,0.11764705882352941,4.769332434538449,1.720707780382671,-3.4386930192915166,3.48759196596285,5.768226530027585,-10.004560407625554,0.07913942093512949,15.772786937653139,0.058823529411764705,4.897745134444301,2.042687018821504,-2.503377170358795,3.993297174402796,4.151861574079371,-11.289771821007706,-0.7711819780264291,15.441633395087077,0.20588235294117646,4.713100845533327,2.3954021335459403,0.00045879511960146427,0.0076795255777187136,0.030168591768572325,-0.01983466857772362,1.2027485270504723,0.050003260346295944,0.01006155303030303,0.007693218186208296,3.921452770266654,NAMAL
-625.0828872077283,204.91140923524185,-330.10728002832093,-909.8130877489415,-1.5944480318894763,579.7058077206206,0.017857142857142856,657.8125124339931,1.3830887533326373,144.7433179991474,73.45850553489092,251.36843173008756,0.0,-0.8362089790902996,251.36843173008756,0.017857142857142856,162.31691267647344,1.548627481789958,10.019896738981455,37.19248637803989,82.75164395186923,-45.78375982503635,-1.1670194013183557,128.53540377690558,0.08928571428571429,38.51855882091818,2.148357739358864,3.6978398723129495,19.17787813454062,51.54564406546322,-32.67067203721167,0.0407007314134602,84.2163161026749,0.16071428571428573,19.53112975392255,2.6391532243602556,-1.0160847313718846,16.71402081021584,45.49898803763622,-24.26431022407555,0.48968672535364366,69.76329826171177,0.19642857142857142,16.744877420442805,2.717188480704509,6.550552248412324,12.27534099802791,38.48862614314653,-16.0468359069452,0.20103667927427749,54.53546205009174,0.26785714285714285,13.913796440118153,2.7662202985930486,5.991821573091941,9.962052399005632,30.989215957830886,-12.093206256396666,0.21330183939941394,43.08242221422755,0.19642857142857142,11.625162956462324,2.665701639958884,15.021225407584948,8.562735090573675,31.16741141848344,-3.561259406822196,-0.7893848275802822,34.728670825305635,0.05357142857142857,17.290391695297632,1.8025856190961747,5.730254240142064,6.743698011576168,19.57314116440639,-7.170552050999559,-0.6140201003064849,26.743693215405948,0.19642857142857142,8.849478884544697,2.2117846055986634,4.385514219738224,7.4434586908690665,16.93160896932777,-13.910374875245052,-0.3298590486345603,30.841983844572823,0.23214285714285715,8.639317811852994,1.9598317063990742,4.229468719834977,7.818781601364921,14.001748039510211,-20.135386616939265,1.7246414725882602,34.137134656449476,0.19642857142857142,8.889417943932274,2.2650961788429855,-4.623554785629614,7.2499356737079115,11.242409754145019,-19.59155143020598,-0.30594304784207704,30.833961184350997,0.16071428571428573,8.598768872845756,2.278413540346988,1.314597206524153,6.372062642009051,17.619166751244485,-10.533899909871902,-0.40671934034749313,28.153066661116387,0.16071428571428573,6.506254539217511,2.7080352674556587,-3.8712261284508713,7.593998504211994,15.767359635877964,-16.342035435122163,-0.5239598863860429,32.10939507100013,0.19642857142857142,8.523802263049907,1.9172236674193812,1.3667692321246825,7.239468814728352,14.132039562300555,-15.887456483814184,-0.6210599178963387,30.01949604611474,0.19642857142857142,7.36735820042076,2.156465866273046,4.287276392602034,6.2765697223890475,18.087702748752953,-9.839860494042004,-0.0731770722946159,27.927563242794957,0.16071428571428573,7.601056922992594,2.3796299556761755,6.846013725910372,4.396455624180418,16.905136693270546,-2.6409378224453457,-0.32821488828034573,19.54607451571589,0.125,8.13613704350786,2.0777841625418305,1.8343108075895478,4.546409257638768,11.615508235742436,-10.413616320671817,-0.0928494304324019,22.029124556414253,0.30357142857142855,4.902502756427916,2.369301724616628,1.0827450846891653,5.95590520205116,11.34679337635396,-14.308516127055709,0.060298325609765335,25.65530950340967,0.125,6.053523246361461,2.3636674949015855,5.91801235064485,4.984472858379245,18.754381584816684,-3.9921712465388817,-0.39779100429424163,22.746552831355565,0.125,7.7374310890827545,2.423851194135798,-0.00028368205526747034,0.005952385078931206,0.022013043695812105,-0.024049291426944754,2.9938216054528475,0.046062335122756856,0.02208806818181818,0.0059591411827849515,4.035697542528357,COUGH
-612.5818246388856,217.03203921216482,-250.20085032750615,-911.339884500825,-1.3688229553728548,661.1390341733188,0.043478260869565216,649.8918355561154,1.4022947121977416,132.2406487586328,72.40001932183581,226.5352763111894,6.943910509155093,-1.2730341917224792,219.5913658020343,0.043478260869565216,150.76256823862576,1.5025962940126572,-35.739972456166235,20.774416155628973,20.308327348074528,-65.60757928618347,1.0044652330395492,85.915906634258,0.08695652173913043,41.339109784498014,1.587058348092102,-69.10133140058797,41.41884022910761,14.147721899303546,-131.56900359653184,-0.8040991567212075,145.7167254958354,0.08695652173913043,80.563728359965,1.6331047020151712,-31.851382996141005,21.510319918252872,11.727884174990336,-59.12081443287744,-0.5958426125656571,70.84869860786777,0.08695652173913043,38.434417671566806,1.5382258406536002,17.142380710608702,12.754621221961314,41.92844732692409,-8.635540924534656,-0.16395223319365693,50.56398825145875,0.13043478260869565,21.366833619962396,1.962314495103832,2.2755656636021,18.882532865491115,41.40127045993027,-19.155884406863187,-0.833043273421759,60.557154866793454,0.13043478260869565,19.019154726373014,2.176819688128462,-18.07350339378609,17.425240838367355,10.591193823869094,-42.05837935101398,-1.4722929266754414,52.64957317488307,0.17391304347826086,25.105587887964354,1.6752596887474924,-17.685821880866825,12.999978170425258,15.567228045297316,-36.88663179065483,0.7476347014558646,52.453859835952144,0.08695652173913043,21.949663506151552,1.680510126285858,0.01973923743502002,8.23092927345767,12.609722390126734,-16.608166895494456,-1.0762917116273325,29.21788928562119,0.2608695652173913,8.230952942530829,2.0177696326845753,0.0044868827153813975,10.459218076228279,20.015981023719558,-14.484777858272375,-0.9951530847393779,34.500758881991935,0.21739130434782608,10.459219038638443,1.913716592967078,2.5172744184209233,7.307039053748707,12.703894046373183,-15.10105029557688,0.3474850455711822,27.804944341950062,0.13043478260869565,7.72848563630969,1.9539468669812459,-1.1735385975442325,5.047957785721448,9.823079339769812,-11.19820091299485,-0.3756606943465126,21.02128025276466,0.2608695652173913,5.182573747314347,2.1607412569474485,1.794137672229029,2.9133638742338634,10.060523137734359,-2.9191047178876213,0.6998872024453475,12.979627855621981,0.34782608695652173,3.421493687061595,2.940389215323794,5.420357545175606,5.771285573252109,12.965481499998171,-8.08520884275297,-0.5035114857967167,21.05069034275114,0.13043478260869565,7.917576212804651,1.6375568926043083,8.591418726436688,4.9637095416566135,20.356887004628412,-0.08587167216472985,0.424900729558519,20.44275867679314,0.13043478260869565,9.922242092737907,2.05164183804058,4.929344710220837,5.031520623228248,14.984151688708506,-4.2466812468032185,-0.44973685617728965,19.230832935511724,0.17391304347826086,7.04376597099544,2.1272926656577877,-1.7022854292332468,6.893768081671264,12.499848783690966,-11.463620221895114,-0.893697783402096,23.96346900558608,0.17391304347826086,7.100831926362525,1.760335818861459,7.340237236731952,6.180699604764883,21.692470927592602,-3.72655139028922,0.3970149539956176,25.419022317881822,0.17391304347826086,9.595839217903098,2.2606121710668767,6.0069922493618995,3.3295421996457004,12.548296925017812,0.6251738447812553,-0.8972376598736886,11.923123080236557,0.043478260869565216,6.868027893297716,1.8270596916566522,-4.02429793281512e-05,0.009422143577420368,0.04829639345285768,-0.049725280833119744,6.846884567254534,0.09802167428597743,0.0634765625,0.009422229518055112,5.277443171792294,CLAP
-571.2195751481544,206.02774491905856,-203.2841301303451,-827.3640802581689,-1.0804172972070147,624.0799501278238,0.07142857142857142,607.2390260094213,1.3625014941732885,74.3324958295755,26.89485384814358,122.18480373590381,35.52284488063834,-1.0390160479560606,86.66195885526548,0.07142857142857142,79.04842250017937,1.5456956618663271,-4.018223810184838,21.62011497454687,32.284149675349624,-29.609281294408948,-1.5064985389602237,61.89343096975857,0.21428571428571427,21.990350022256628,1.4681053117696876,4.1569889891236675,11.639240061595745,29.436544052685278,-16.3848690432244,-0.3600435722554187,45.821413095909676,0.14285714285714285,12.359306884576931,2.3817309763073267,-7.965417506202523,11.61197103494935,11.093474292212967,-21.121746638832953,-1.3195007990835699,32.21522093104592,0.21428571428571427,14.081397209248102,1.4999752030971065,43.40517467172863,12.53225238487473,55.719110645234565,19.048721756196553,-0.6400349053822336,36.67038888903801,0.07142857142857142,45.17816439521942,1.2333194894286266,7.622673025027074,11.593180981902995,27.64645484007008,-5.4702313587737,-1.2585877891297315,33.11668619884378,0.35714285714285715,13.8746888010374,1.9925819769019233,1.1356973898130094,9.36296672645483,20.241004105770653,-12.294339997125316,-0.8006214216509675,32.53534410289597,0.21428571428571427,9.431593422212833,2.1460853113218405,33.20735354303013,14.699709843314999,60.882943767190135,14.231989552919392,-0.9279581085427226,46.65095421427074,0.07142857142857142,36.31542095046467,1.6765038700841801,-0.4645969295837711,8.188825758842384,12.203260506398284,-16.77554390253301,-0.6670328221541988,28.978804408931293,0.21428571428571427,8.201994733944858,2.045300496610364,21.049940642537585,7.029898019034012,31.279714083200584,6.391585731487833,-0.3194601691192669,24.88812835171275,0.07142857142857142,22.19277961888447,1.4094545442421185,23.09064310075991,13.57836848869848,49.110785566896546,1.4641140714550578,-0.5774595687932615,47.64667149544149,0.07142857142857142,26.787121712150245,1.8333729952263074,-8.178679852652262,8.410145296967446,5.4671231253854735,-21.626765299427454,-1.1469932923817419,27.093888424812928,0.14285714285714285,11.731212556606572,1.8435234375877099,12.272190101604528,5.359553581677309,20.747861678834106,3.314938351504413,-1.1763001671044944,17.432923327329693,0.07142857142857142,13.391469840342031,1.549334160192843,2.8536419032332816,2.3355317477431305,7.24388891719607,-1.9619941628598334,-0.4589961039446857,9.205883080055903,0.21428571428571427,3.68754398707391,1.9644210191358675,1.1348481117505094,3.788323220540581,7.100763774775915,-3.4889332714302013,-1.418481982068643,10.589697046206116,0.2857142857142857,3.9546520782529844,1.7955470251918504,9.211081217177641,5.806837202751672,16.98339296561716,-3.4979034971228966,-0.5342563059702443,20.481296462740055,0.21428571428571427,10.888681072044658,1.5597291217592846,-3.927874153003355,8.233168926218799,8.47400583812533,-22.92907288712115,0.09186355968579463,31.40307872524648,0.2857142857142857,9.122130558673595,2.5135655250318143,-0.7979853921308394,4.797362338108504,7.050690877142061,-7.459232443725096,-1.2232323064339707,14.509923320867156,0.21428571428571427,4.863277299224887,1.5337871942679384,15.56914137150001,6.821258002052081,25.551501088688973,5.644215419568609,-1.5460035050472491,19.907285669120363,0.07142857142857142,16.99787409578953,1.503217457941886,0.0012551643152651946,0.012192823592469034,0.23145786876370777,-0.173998362851722,96.55192517976506,0.40545623161542976,0.03485576923076923,0.0122572584461365,18.883331030411906,SNAP
-743.2928508183252,66.48491267418889,-628.7816912360704,-866.9230430232067,-1.128977412338489,238.14135178713627,0.015151515151515152,746.2603471248676,1.1616898128960205,119.38203145042677,79.36033235227725,237.66761912264278,-32.09008873755578,-1.3902008284962104,269.75770786019854,0.045454545454545456,143.35317151808883,1.6579167144038596,46.53342843679054,57.55102051176761,144.87826573675784,-52.62616477113059,-1.1306434068177487,197.50443050788843,0.09090909090909091,74.0099988111593,1.9575498995267238,16.371732401895812,39.85558143796856,68.89626024177153,-60.331674343335656,-1.222908631607201,129.2279345851072,0.12121212121212122,43.08713257572183,1.5989984973052553,8.315931647087222,33.209370196040155,66.86516542499851,-73.15322940401353,-0.09328178793575903,140.01839482901204,0.15151515151515152,34.23473364839672,2.1368131604388703,15.49116651957357,38.51826473697642,77.27396144029012,-73.91738365543696,-0.3993728392451299,151.1913450957271,0.045454545454545456,41.516658806856775,1.8612760193392002,4.206528040511709,25.449050590369065,51.94359024907854,-41.147644528867076,-1.1061146824260935,93.09123477794562,0.10606060606060606,25.794360897428245,2.0137575982453373,-9.977162130906395,20.131436238758166,25.230100244525197,-59.92201665773473,0.1411056675947422,85.15211690225993,0.13636363636363635,22.468166129472564,2.6669740784554805,-4.703380011304427,17.672103186465414,25.339127584612356,-47.3894868960435,-0.41945867397638326,72.72861448065586,0.12121212121212122,18.287291066853477,2.5913891085781993,-3.241684535954243,15.650163036013327,25.093679992300103,-31.457656537023233,-1.1341168508475172,56.551336529323336,0.09090909090909091,15.98236908860644,1.968272435871154,-7.525496370221672,17.21993260550678,18.443395317410562,-41.44021772638254,-1.0419023549028268,59.883613043793105,0.15151515151515152,18.79252975403831,2.205143121695869,0.4378008827688503,10.798900997707532,39.03045637392319,-15.097837688645107,3.0025964856221874,54.128294062568294,0.12121212121212122,10.80777185044364,3.611332373963932,2.3207030918467937,17.930516920853577,44.77183434116232,-18.805579963560938,-0.5505856201525932,63.577414304723256,0.07575757575757576,18.080074664932216,2.4763080446786514,-6.531701190070602,13.186482317636031,15.696708601116615,-29.30884892504312,-1.088863425870217,45.005557526159734,0.10606060606060606,14.715516856355995,1.9916968742001,-7.483818227667025,8.72834711847214,10.232931496833338,-31.2105877792968,0.0024062642088882313,41.44351927613014,0.16666666666666666,11.497459662260272,2.7145637989706284,-5.083446155172015,8.339583200417975,13.604530527677262,-22.413524509729616,-0.5765303799690589,36.01805503740688,0.18181818181818182,9.766784156989795,2.294872513762775,-0.009181192676344015,5.538844910116977,13.84105181866814,-10.136391759502658,-0.07552784038497418,23.9774435781708,0.24242424242424243,5.538852519487019,2.498902393586394,7.88280873618393,9.585232523344219,35.761855101397316,-3.5193410009938297,0.31842722091288733,39.28119610239115,0.18181818181818182,12.410292345381452,2.881628740575661,3.9331919284422208,4.608704598113848,15.678995620514439,-5.543026794365987,-0.6885741230401448,21.222022414880428,0.19696969696969696,6.058890725094715,2.587766693922234,-3.6103110632507556,7.217044714529628,9.85619828846492,-21.623634631941734,-0.7640457233458018,31.479832920406654,0.2878787878787879,8.06970138139887,2.6796077834782666,3.070138951592511e-05,0.005481526643897548,0.030284644630655912,-0.032132034083104034,7.885129660280782,0.06241667871375994,0.05096153846153846,0.005481612620668932,5.861784899200502,COMPUTER
-758.2487501848294,59.60293536238687,-666.00468526885,-896.5556970993352,-0.3737471008937967,230.5510118304852,0.016666666666666666,760.5877181894726,1.178766992495652,141.37272746405824,58.690651398535174,210.3269962026587,1.64451573237413,-0.08614475845796177,208.6824804702846,0.016666666666666666,153.07135797467555,1.3740454059175176,59.2753220446272,46.804904846424215,142.84278186877117,-66.05546958751178,0.6469947826714817,208.89825145628294,0.03333333333333333,75.52657096133183,1.8912917672629936,54.93185753390355,36.430275296110004,114.00950483535476,-44.60872203806724,0.6586122571037958,158.618226873422,0.03333333333333333,65.91414059422635,1.7296668637039203,70.57148612226932,25.478814882535616,114.8434726925291,3.212033461534029,-0.11036584276310224,111.63143923099507,0.016666666666666666,75.0300250654641,1.530633537604813,43.23595936223492,19.194844125195917,84.94354297222175,0.9798050542637695,0.12832270197445084,83.96373791795799,0.016666666666666666,47.30528747363659,1.795645846557028,-10.446838606934364,22.37338222744316,29.406443348056285,-53.58362533122645,-0.7872052952435551,82.99006867928273,0.13333333333333333,24.69219854882517,2.170062954308129,-36.76556650819507,28.33112873909152,20.071411943481657,-78.5185286484924,-1.0009976739592485,98.58994059197406,0.06666666666666667,46.415080914499036,1.6916598463575008,-11.68517500608779,16.948775676931643,22.273508657028156,-46.176828835728195,-0.35960661585432474,68.45033749275635,0.1,20.586508005726674,2.2430627293799854,11.82252454419874,16.417819828631636,47.125667471030525,-14.939586662959224,-0.8886204763239651,62.06525413398975,0.11666666666666667,20.231581612014217,2.329312081218883,-2.618465274187586,11.669262905031315,25.412375635403933,-26.36047946805327,-0.4088590472800213,51.7728551034572,0.08333333333333333,11.959433813474039,2.204157812082572,-14.771522087185113,9.53090161972499,8.152667001161692,-30.35530572091169,-0.7808680408835946,38.50797272207338,0.03333333333333333,17.579418376529812,1.7267525620437418,-9.14564945994848,9.661076141707671,20.779092697949924,-25.610458832839193,0.8925937224818772,46.38955153078912,0.06666666666666667,13.303356578703328,1.9251125594752292,-4.261071991207077,8.479880561093125,14.22042678863067,-21.367481268326053,-0.15128624985532912,35.58790805695672,0.1,9.490263897524374,2.2515160272729577,-0.1144744338910994,9.338334042018383,28.874368376170978,-20.465219927260264,1.1419010843223285,49.33958830343124,0.18333333333333332,9.339035660941342,3.091793352597665,-3.0836844899057523,6.822681991410226,12.476643734860222,-13.571033295143828,-0.7546633770565814,26.04767703000405,0.15,7.487195709289207,1.8125655882490865,-8.943083309080846,8.82750322603115,6.212798024662446,-29.333581318410364,-0.5969389111777561,35.54637934307281,0.16666666666666666,12.565968019963714,2.334367019859332,-1.2790332677474086,5.72788274349912,13.634993126778923,-16.648387732929223,0.6693543427637487,30.283380859708146,0.26666666666666666,5.86894937985323,2.8366896109343447,3.8785368824110447,7.7524502167598435,23.271268499824014,-8.652446836858703,-0.3897220880304353,31.92371533668272,0.15,8.668536941812183,2.6845670331721614,-1.4151657235497193,4.820854081113644,8.092385529367908,-11.02852650724451,-0.9248304970051384,19.120912036612417,0.21666666666666667,5.024273887488627,2.1950488277933227,-9.06002452817172e-05,0.005752877988874519,0.020798227048943314,-0.022320167516288396,0.8639857053162512,0.04311839456523171,0.023007150423728813,0.005753591361864521,3.879345284100134,ENGINEERING
-691.6063919053931,105.02551637485016,-486.20315621336334,-842.5586916488951,-0.761926151667776,356.35553543553175,0.021739130434782608,699.5353889648474,1.204454706567011,93.02413175111677,129.74602494343986,282.1473477034567,-99.64586792701945,-1.3221554129067488,381.7932156304762,0.06521739130434782,159.64811328879793,1.7673077488429938,25.86152686246219,40.05374713970282,107.84443857828265,-28.94710285152877,-0.9635943472303081,136.79154142981142,0.10869565217391304,47.6772611586394,2.2619679897183147,34.74165324866819,63.28073367458395,130.4613030376537,-64.67978531918801,-1.4286027853091365,195.1410883568417,0.043478260869565216,72.19026059548698,1.8071870355017055,-7.027964391161636,38.07440271059244,52.027962582846385,-77.52485415092045,-0.804030060339386,129.55281673376683,0.08695652173913043,38.717598392098196,2.0023156747951174,11.572532773700745,14.33230656783683,39.618103624501046,-11.339783222938998,-1.0562798316264739,50.957886847440044,0.13043478260869565,18.42114345942826,2.150686449609284,8.320675388341455,19.30398030419296,39.45960431781659,-31.610392357871316,-0.7171108148952521,71.0699966756879,0.13043478260869565,21.020877586409686,1.8771625568728787,-7.195466787081617,16.685231474665805,23.242567508720327,-39.846697479807816,-0.7214968594313631,63.08926498852814,0.08695652173913043,18.170627167139088,2.1929181152243937,-9.215882987379183,11.66728894536944,18.68273760159726,-26.29588274397115,-0.1213358743712365,44.97862034556841,0.08695652173913043,14.86802376147567,1.7686199030772365,-2.6194268861985734,13.69640177999789,18.37996859683728,-33.81925613423774,-0.7969287590994085,52.19922473107502,0.13043478260869565,13.94463405512204,2.425252322904487,-0.41941511026463174,14.394327341321716,28.320358893087803,-22.49967705959257,-1.0432041625533683,50.82003595268037,0.13043478260869565,14.40043640463164,1.9666319892902047,-0.007554356951872661,13.902681876879806,37.584076100756214,-22.62218595114001,-0.15978703805271444,60.206262051896225,0.1956521739130435,13.90268392930053,2.7033683777810764,7.082060531956571,10.052562685010953,31.351575773163717,-10.510843427312368,-0.11416121864357898,41.86241920047608,0.15217391304347827,12.296731188180527,2.549586169965111,2.5866076094525607,8.832276499142752,19.439748651166017,-17.401435325381847,-0.7995487573004088,36.84118397654787,0.15217391304347827,9.203241118355383,2.1122720138663382,-1.869897885629531,6.4376930586772945,16.482641770070728,-13.605651383167213,0.4028360799570643,30.08829315323794,0.13043478260869565,6.703760886280446,2.4587156447962233,-3.5383602080914076,5.282814767298005,4.353350887061455,-20.644469750708957,1.446541677865694,24.997820637770413,0.17391304347826086,6.358311476153598,3.2468478192889094,-2.5112085110640585,12.783083965294548,14.210917113384614,-32.12010722805677,-0.03221209324305718,46.33102434144138,0.13043478260869565,13.02740971374629,2.4655789549755394,1.8493466136789387,4.936916270452272,14.773977705001336,-7.164871905186953,0.4151188323012902,21.93884961018829,0.1956521739130435,5.271928030519966,2.8023860757340784,2.3336618724784586,6.9255616878823085,17.15536593653988,-7.785379992419971,-0.7013490647900125,24.94074592895985,0.21739130434782608,7.30817230418953,2.3474222038669343,-4.85001469330813,9.343108697372434,8.525586994834173,-23.079721189862084,-0.8456321412640646,31.605308184696256,0.17391304347826086,10.526933202800388,2.1924449167894777,0.00012190944677522482,0.006586950422203338,0.0385816536342617,-0.050383037624272535,11.91006083081973,0.08896469125853423,0.105859375,0.0065880784586841235,7.6476074078716785,ERSIN
-746.3342419807935,77.60903010853455,-649.2054946568761,-911.5167013535525,-0.6835638997523419,262.31120669667644,0.02857142857142857,750.3585558300999,1.2147748489989136,194.5245575876714,82.95764704046802,274.74945895795474,0.0,-0.20856248986979598,274.74945895795474,0.02857142857142857,211.47523426436996,1.2992039465693852,119.09084191721566,41.61685143476568,153.92702361207918,0.0,1.5305306247891206,153.92702361207918,0.02857142857142857,126.15304574957595,1.2201609774657112,44.65564452951662,21.63083233357217,94.14342673560893,0.0,-0.23045618597342443,94.14342673560893,0.02857142857142857,49.61874137651679,1.8973360493211637,-13.590925135786643,39.78169313895215,63.98190560819663,-75.00704526885309,-0.9412707739400838,138.98895087704972,0.14285714285714285,42.039224006257655,1.7842157423668925,-23.918018974487648,32.49357398870426,40.60443837562893,-66.15299168343637,-1.0381696891154704,106.7574300590653,0.08571428571428572,40.3472921299974,1.6395893798843801,-3.6661428165322385,17.92150964472974,31.2221067461491,-26.75776754200057,-1.1679111803678015,57.979874288149674,0.08571428571428572,18.292651833382497,1.7068114033183246,6.280143425966794,8.877270915265507,19.841142992501883,-11.338754976497714,-0.8935915961219818,31.179897968999597,0.14285714285714285,10.874104117293195,1.8246232313472444,9.34836229760796,11.071245636151192,22.135091788487557,-14.449170514910119,-0.9497178449694448,36.58426230339768,0.14285714285714285,14.490146913794034,1.527596091342307,7.34934890076534,12.153161991116765,29.519892943979713,-16.513348373090054,-0.46203374895720195,46.033241317069766,0.08571428571428572,14.202544689157149,2.0784932270986975,-7.153324896246758,13.000662917790972,10.604009476734504,-38.12013346096405,-0.5127211360555428,48.72414293769855,0.14285714285714285,14.838709289331366,2.5689655830356757,-10.085653082968877,8.534956447449003,9.435028104993801,-21.71526516866855,-0.11790931965319418,31.150293273662353,0.08571428571428572,13.21233816059258,1.6435595959416929,-3.0907408904341795,8.687717334176613,14.821805608979815,-16.715324373984885,-0.6590699440319718,31.5371299829647,0.14285714285714285,9.221123127382837,1.812721090812402,-3.1861136362807145,5.421946189997342,8.508279933978745,-13.150184366579758,-0.6249912192365641,21.658464300558503,0.2571428571428571,6.2887853032617205,2.091053157715422,-1.9164202272714335,4.648507163056397,7.636370618414221,-9.304834153199602,-0.9190104867357531,16.941204771613823,0.2571428571428571,5.02804985381825,1.8505851023202575,-0.21885316229365617,7.029285238486302,13.87842708352858,-13.987591215017233,-0.7408876770408401,27.86601829854581,0.2,7.032691353290527,1.9889385887058126,-3.7262237447524837,5.132716416398576,6.9458696723664595,-13.478150006693607,-0.7410197053806411,20.424019679060066,0.14285714285714285,6.342674609904302,2.1249947121119876,-5.342309345522525,5.595865610052818,4.5487115831138345,-15.738794814782242,-0.8361961999643945,20.287506397896077,0.2,7.736535469383508,2.034346624153253,-2.2356583275526645,4.687689912899056,7.302581334532714,-11.205089053573449,-0.646784161094855,18.507670388106163,0.3142857142857143,5.193515656763839,2.1575152159174418,-2.18737158423639,3.836528521795156,4.076602179406493,-10.86117833382748,-0.48669728926072775,14.937780513233973,0.14285714285714285,4.416281868956344,2.459348985438331,-0.0003100395693773657,0.007572894321631379,0.029544648479859797,-0.0350071330114805,1.5002801187631079,0.0645517814913403,0.012637867647058824,0.007579238282385405,4.618819425804191,NAMAL
-616.9710976211732,208.38034940214246,-342.63077418881454,-914.5558044364972,-1.5941315502601416,571.9250302476826,0.02040816326530612,651.2109530074215,1.4043925401022461,149.6601164382141,74.7387979124022,244.05684206264448,2.120905083024021,-0.7401529751043121,241.93593697962046,0.02040816326530612,167.28430400276858,1.4589344978749788,0.36257585000716513,34.159549295170045,69.17350434212223,-58.93812937247023,-1.0026124660933646,128.11163371459247,0.10204081632653061,34.16147346494528,2.0248981477073715,-3.8443697542518716,17.730243768297196,38.696297436414646,-40.43813775660287,-0.030577564008133162,79.13443519301751,0.1836734693877551,18.142235884549844,2.228950059625258,-6.54317020514092,13.517981387171115,34.11801141044664,-26.53935348455071,0.5379154695868262,60.65736489499735,0.1836734693877551,15.018285425352277,2.2717647483814787,6.191148213927408,12.254845323529176,30.806948226565527,-19.21158244040327,-0.46988784463573197,50.0185306669688,0.1836734693877551,13.729950841515839,2.2437770231058107,0.744751491971282,8.296668425368035,23.592846610158503,-22.782714781217045,1.1693838123144253,46.37556139137555,0.22448979591836735,8.330027715757753,2.8322650794460587,6.254302471950412,7.195129729601101,23.85928342561221,-13.832944740236265,0.5068937601863079,37.692228165848476,0.14285714285714285,9.533424947857652,2.5026979869363593,-0.7861601211388398,10.629448020955593,22.748118656866133,-24.004637274780798,-0.6700037939081733,46.75275593164693,0.14285714285714285,10.658480800107762,2.2521631107632243,9.740457221768644,9.954432940373037,29.87810446688014,-19.56442900312831,0.3863544409032542,49.44253347000845,0.10204081632653061,13.927212285791033,2.14530401732748,1.3644544639614171,7.7431871732938164,14.837745398516667,-15.396636251522692,-0.6082958267749223,30.23438165003936,0.1836734693877551,7.8624858400436,1.9582402518434694,-5.3636641826839755,11.033886895920444,12.435407431683583,-35.01060745786555,0.2454961706251062,47.44601488954913,0.14285714285714285,12.268478043203723,2.8537042112782776,4.402946881609917,7.746722294955269,16.970044371135323,-14.723400938475926,-0.218131639148349,31.69344530961125,0.14285714285714285,8.9105357615261,1.9044920333980992,1.3266016823644258,7.80497415557336,32.616272839247046,-12.435494919432205,3.9762949247750017,45.05176775867925,0.30612244897959184,7.916911872240351,4.119822648728967,5.721128299609858,6.0507334111914135,18.50202804691108,-9.679301020886122,0.10946604537361049,28.1813290677972,0.14285714285714285,8.327225458332737,2.221871875511285,2.005449866299074,7.137648494143499,18.155623562994933,-17.480388794027455,0.48724240385540396,35.63601235702239,0.1836734693877551,7.414030967846569,2.448819493974719,5.36743739892795,5.3958603496900315,21.095158690956545,-5.942504801150809,0.4429630914488123,27.037663492107356,0.14285714285714285,7.610827362696349,2.771730021673096,1.5439262923282955,4.966245805428475,14.261380252612373,-7.042943880679411,-0.31671775649682177,21.304324133291786,0.22448979591836735,5.200702432948699,2.742202699823847,2.653050516600981,5.087810865123932,14.364186099515532,-4.979529125926339,-0.5134100648511621,19.34371522544187,0.2653061224489796,5.7379871421004305,2.5033493006848078,5.945545220567537,5.258956516436414,16.361172197976188,-11.225497382982912,2.024932684792332,27.5866695809591,0.061224489795918366,7.93764017901936,2.061213638937901,-0.000307879960553293,0.0063714452125523575,0.02606157996803513,-0.02812171155283649,3.369007420818054,0.05418329152087162,0.028401692708333332,0.00637887953849786,4.408566015883531,COUGH
-576.7174940430314,226.2422865730214,-192.85019115132638,-886.1893324022562,-1.3236915279374222,693.3391412509299,0.058823529411764705,619.5067716894328,1.4304756185078717,126.91265145344605,59.88594491021869,217.05720163689222,15.917497991444243,-1.0964226035125766,201.13970364544798,0.058823529411764705,140.33227532087415,1.5467375636900644,10.20517529877665,16.237433495041234,30.46424191963368,-18.111127504548033,-1.4791019405261012,48.575369424181716,0.17647058823529413,19.178108597686272,1.5884904272212232,-26.358609325920398,28.21464147132488,22.9882708009063,-68.97003978039288,-1.0171331790881917,91.95831058129917,0.17647058823529413,38.61142679249115,1.7862598072601046,-2.642897234407121,13.417036363393331,26.97489852411845,-18.202238602523373,-0.6885639318909815,45.177137126641824,0.17647058823529413,13.674859069411127,1.972590604934114,20.508788512119217,5.67522292220764,29.156879718828165,10.154360642124502,-1.2240206303019123,19.002519076703663,0.058823529411764705,21.279533863587904,1.3701841358808824,-6.146173123690928,17.466670964982733,19.77861333551826,-37.014276686011854,-1.1879522651055037,56.79289002153011,0.17647058823529413,18.516480191044717,1.998990969348126,-7.730586243124244,12.290672594962405,14.308995069970205,-22.89407629820196,-0.9385219185024356,37.20307136817216,0.17647058823529413,14.51973128191227,1.5767561984237202,-1.297449288360281,9.563070844031781,17.02805165939732,-17.364980818054885,-0.5938523549336785,34.39303247745221,0.17647058823529413,9.650683842290002,1.7993523673379777,16.585250421182405,5.69230665937674,28.1783380411551,6.940047880695847,-0.5722284447766581,21.238290160459254,0.058823529411764705,17.53490480834487,1.6069855154129504,16.1383895450072,11.279567206264387,33.23363180787922,0.22101057884865327,-1.3105959162461946,33.012621229030565,0.058823529411764705,19.689496018614413,1.687886362173019,15.047905010117475,3.7640618943222734,22.157661139415133,8.890646895852365,-0.8503223303102634,13.267014243562768,0.058823529411764705,15.511531424646881,1.4284638010794959,5.100757724384455,6.082286218825396,14.911158599370442,-6.767086739493081,-0.6735707485476219,21.678245338863523,0.17647058823529413,7.938005732586807,1.8784514778261883,4.678668040831598,7.1483515429514,16.985967989759622,-9.051664210648488,-0.6779470109342514,26.03763220040811,0.29411764705882354,8.543352059813213,1.9882088284362467,9.310700793645562,6.082941476200669,16.64733054868865,-5.227982032294965,0.5339291086757871,21.875312580983614,0.17647058823529413,11.121660230004982,1.4968386198110992,4.294568014170655,5.860505491437832,10.520415969316566,-8.125396210504109,-0.47338457281348223,18.645812179820673,0.29411764705882354,7.265592821202594,1.4479776431478082,2.058737411480262,6.999052316767022,14.94392186241256,-9.28636312593072,-1.0301983735435074,24.23028498834328,0.17647058823529413,7.295555706200198,2.0483596403372433,3.6482225011141325,6.085731575634244,13.797885383052542,-9.43259550285593,-0.6602159366772962,23.23048088590847,0.17647058823529413,7.095467301616372,1.944605590657762,11.707201932271484,5.280706153284186,23.269174990195445,3.5076019045132814,-0.08230378083480083,19.761573085682166,0.058823529411764705,12.843069514734967,1.8118079142605679,7.134546173326036,3.2393379706762433,12.542684693641291,1.6816614998094428,-1.2079836296443673,10.861023193831848,0.058823529411764705,7.83549995772995,1.6007510383900347,-0.0007945411497705553,0.011019937243982893,0.12192778840181716,-0.11541801461239821,42.48957867739112,0.23734580301421537,0.0360107421875,0.011048543456039804,11.035643647232435,CLAP
-528.9247400300209,211.30709015213532,-216.2996548599842,-884.8999670448358,-1.128195433019683,668.6003121848515,0.09090909090909091,569.5718277481673,1.5536231322102696,57.91438528039262,29.896408940046673,89.84708289758866,-15.69508719751029,0.705806036323954,105.54217009509895,0.18181818181818182,65.17569554608728,1.3785366177497203,-2.8920809686978193,20.716133649287407,40.42396287167747,-20.68688502033791,0.5102794227535723,61.11084789201538,0.18181818181818182,20.91703434296177,1.9325857676033051,17.926753981693647,11.87412451713528,42.036212238227364,4.283590591500318,-0.8347456821650283,37.75262164672704,0.09090909090909091,21.502635684227226,1.954933007076062,-9.947312454883921,10.930133351580242,14.002484029119845,-20.799672071474184,0.06237896317667424,34.80215610059403,0.18181818181818182,14.77893230779597,1.407386652722013,40.65148586253924,13.230327505593683,51.98098790008883,15.846538596765258,-0.973211996578573,36.13444930332357,0.09090909090909091,42.75026162186024,1.2159221003108078,0.7536088068496373,12.157418831678667,17.24158135599415,-18.97512988948307,-1.5394659632056646,36.21671124547722,0.2727272727272727,12.180753625396763,1.5577960504775414,-18.043458327405958,14.417713570091209,11.278320442102089,-37.333530304599655,0.33096565759189156,48.61185074670175,0.18181818181818182,23.096251925410485,1.616432416184607,34.88683838838341,10.198777197173118,52.30628505927659,11.87858696435496,0.540716902747274,40.42769809492163,0.09090909090909091,36.34702943920948,1.4390800532065218,6.093664916297978,5.369577823286861,12.76284728682759,-4.3740460736391995,-0.9227703969177625,17.13689336046679,0.2727272727272727,8.121891289130565,1.5714132130662675,-8.607403153398572,6.878082814657821,4.974168430836128,-19.367193355419303,-0.4315738174886352,24.341361786255433,0.18181818181818182,11.017958624465194,1.7577841790415487,19.957642862109587,7.492960387327548,34.05834899463463,10.142642320687475,-0.8808005086258954,23.915706673947152,0.09090909090909091,21.31787897464411,1.5976424781820122,-4.343613611368118,4.948780576469417,5.598211531194329,-10.734863501566444,0.2096643733657868,16.333075032760775,0.18181818181818182,6.584634264627259,1.630290016141712,12.109002418214583,3.608449901781915,17.22649957868955,6.18228845885515,-1.2655619510389056,11.044211119834397,0.09090909090909091,12.635222604212263,1.3633712771270583,8.600468012332472,2.9277425802645296,13.632681016255514,4.122776504349677,-0.7817669715587132,9.509904511905837,0.09090909090909091,9.085137679058477,1.500547542353625,-8.344328101226482,7.579060779148635,8.478583890012514,-17.77546561744514,0.2912300264608616,26.25404950745765,0.18181818181818182,11.272531825412916,1.5768831610101948,8.434813574043488,4.86353512015841,20.989037857344172,1.530259101066478,1.5719616282800768,19.458778756277695,0.09090909090909091,9.736531923322728,2.1556995881734213,7.591263869922904,4.316342207461211,15.582766530395467,-0.05854895818933753,-0.5488126206805939,15.641315488584805,0.2727272727272727,8.73258822999848,1.7844384871904329,6.358502931527142,4.055464026438078,12.082132797909903,-1.4164762813881229,-0.8895688578376784,13.498609079298026,0.18181818181818182,7.541707233774899,1.6020421402465865,-4.500106927105063,8.515676274903134,10.748883336130525,-16.987548040062453,-1.0525830370580265,27.73643137619298,0.2727272727272727,9.63159928435185,1.7637307718627349,0.0015390049284002446,0.013890427057162777,0.29515489766873015,-0.2510124676684589,165.9123097431928,0.546167365337189,0.1294921875,0.013975424859373685,21.119565282536794,SNAP
